rearrange_adhesionsuupdate_frame,update_nuc,update_cell,correct_conc,diffuse_k0,save_state,
44,0,47,8,0,125,0,
0,0,44,8,0,118,0,
0,0,46,9,0,113,0,
0,0,51,9,0,109,0,
0,0,53,9,0,111,0,
0,0,54,9,0,112,0,
0,0,57,10,0,111,0,
0,0,58,10,0,108,0,
0,0,59,10,0,108,0,
0,0,61,10,0,107,0,
0,0,60,10,0,107,0,
0,0,59,10,0,108,0,
0,0,60,11,0,107,0,
0,0,60,10,0,106,0,
0,0,61,10,0,105,0,
0,0,62,10,0,105,0,
0,0,62,10,0,105,0,
0,0,62,10,0,106,0,
0,0,65,11,0,107,0,
0,0,65,11,0,105,0,
0,0,65,11,0,105,0,
0,0,66,11,0,107,0,
0,0,64,11,0,105,0,
0,0,63,11,0,105,0,
0,0,66,11,0,105,0,
0,0,65,11,0,105,0,
0,0,66,11,0,105,0,
0,0,67,11,0,105,0,
0,0,67,11,0,105,0,
0,0,69,11,0,109,0,
0,0,69,11,0,109,0,
0,0,71,11,0,107,0,
0,0,67,11,0,106,0,
0,0,66,11,0,105,0,
0,0,65,11,0,121,0,
0,0,107,12,0,123,0,
0,0,66,11,0,106,0,
0,0,65,11,0,105,0,
0,0,65,11,0,105,0,
0,0,66,11,0,106,0,
0,0,67,12,0,106,0,
0,0,64,11,0,107,0,
0,0,65,11,0,105,0,
0,0,64,11,0,105,0,
0,0,63,11,0,106,0,
0,0,64,11,0,106,0,
0,0,64,11,0,106,0,
0,0,68,12,0,108,0,
0,0,68,12,0,108,0,
0,0,64,11,0,103,0,
0,0,64,11,0,105,0,
0,0,63,11,0,105,0,
0,0,62,11,0,105,0,
0,0,63,11,0,105,0,
0,0,64,11,0,105,0,
0,0,65,11,0,104,0,
0,0,63,11,0,105,0,
0,0,67,12,0,110,0,
0,0,67,12,0,108,0,
0,0,67,12,0,107,0,
0,0,66,11,0,105,0,
0,0,66,11,0,104,0,
0,0,66,11,0,103,0,
0,0,65,12,0,107,0,
0,0,69,12,0,104,0,
0,0,67,12,0,106,0,
0,0,65,11,0,103,0,
0,0,64,11,0,105,0,
0,0,66,12,0,105,0,
0,0,66,12,0,105,0,
0,0,67,12,0,105,0,
0,0,68,12,0,104,0,
0,0,65,11,0,103,0,
0,0,67,12,0,104,0,
0,0,66,12,0,104,0,
0,0,66,12,0,104,0,
0,0,67,12,0,105,0,
0,0,68,12,0,105,0,
0,0,68,12,0,105,0,
0,0,70,13,0,110,0,
0,0,74,12,0,106,0,
0,0,72,12,0,103,0,
0,0,70,12,0,105,0,
0,0,72,12,0,107,0,
0,0,71,12,0,104,0,
0,0,71,12,0,104,0,
0,0,106,12,0,104,0,
0,0,106,12,0,106,0,
0,0,118,12,0,103,0,
0,0,115,12,0,106,0,
0,0,123,12,0,111,0,
0,0,127,12,0,110,0,
0,0,125,12,0,110,0,
0,0,128,12,0,111,0,
0,0,129,13,0,112,0,
0,0,129,13,0,111,0,
0,0,133,13,0,113,0,
0,0,134,13,0,112,0,
0,0,131,12,0,109,0,
0,0,134,13,0,111,7,
0,0,132,13,0,110,0,
0,0,133,12,0,112,0,
0,0,128,13,0,106,0,
0,0,125,12,0,109,0,
0,0,128,12,0,109,0,
0,0,127,12,0,110,0,
0,0,127,12,0,110,0,
0,0,127,12,0,107,0,
0,0,127,12,0,108,0,
0,0,126,12,0,104,0,
0,0,127,12,0,111,0,
0,0,128,13,0,109,0,
0,0,134,12,0,112,0,
0,0,131,12,0,110,0,
0,0,132,12,0,109,0,
0,0,133,12,0,108,0,
0,0,132,12,0,106,0,
0,0,128,12,0,107,0,
0,0,128,12,0,106,0,
0,0,128,13,0,112,0,
0,0,132,13,0,105,0,
0,0,126,13,0,105,0,
0,0,128,13,0,110,0,
0,0,128,12,0,111,0,
0,0,133,13,0,105,0,
0,0,132,13,0,113,0,
0,0,135,13,0,112,0,
0,0,134,13,0,113,0,
0,0,136,13,0,110,0,
0,0,139,12,0,111,0,
0,0,138,13,0,110,0,
0,0,137,12,0,112,0,
0,0,135,13,0,112,0,
0,0,135,13,0,112,0,
0,0,135,13,0,109,0,
0,0,134,12,0,112,0,
0,0,130,12,0,110,0,
0,0,135,12,0,109,0,
0,0,133,12,0,111,0,
0,0,131,12,0,111,0,
0,0,134,12,0,112,0,
0,0,135,12,0,112,0,
0,0,136,12,0,106,0,
0,0,133,13,0,112,0,
0,0,137,12,0,111,0,
0,0,138,12,0,111,0,
0,0,136,12,0,109,0,
0,0,135,12,0,110,0,
0,0,136,12,0,110,0,
0,0,136,12,0,112,0,
0,0,136,12,0,111,0,
0,0,135,12,0,111,0,
0,0,136,12,0,112,0,
0,0,140,13,0,109,0,
0,0,139,12,0,109,0,
0,0,138,13,0,112,0,
0,0,137,12,0,110,0,
0,0,136,13,0,110,0,
0,0,139,12,0,111,0,
0,0,138,13,0,110,0,
0,0,141,13,0,111,0,
0,0,142,13,0,107,0,
0,0,138,13,0,112,0,
0,0,139,13,0,110,0,
0,0,142,13,0,113,0,
0,0,143,13,0,105,0,
0,0,142,13,0,113,0,
0,0,142,13,0,113,0,
0,0,142,13,0,109,0,
0,0,141,13,0,111,0,
0,0,142,13,0,111,0,
0,0,142,13,0,112,0,
0,0,140,13,0,112,0,
0,0,134,13,0,113,0,
0,0,136,13,0,110,0,
0,0,137,13,0,112,0,
0,0,141,13,0,110,0,
0,0,136,13,0,109,0,
0,0,142,13,0,109,0,
0,0,140,12,0,110,0,
0,0,139,13,0,106,0,
0,0,136,13,0,106,0,
0,0,134,13,0,108,0,
0,0,134,13,0,108,0,
0,0,135,13,0,109,0,
0,0,136,13,0,107,0,
0,0,137,13,0,108,0,
0,0,141,12,0,110,0,
0,0,134,13,0,110,0,
0,0,134,13,0,108,0,
0,0,135,13,0,108,0,
0,0,137,13,0,104,0,
0,0,132,12,0,107,0,
0,0,134,13,0,110,0,
0,0,131,13,0,107,0,
0,0,131,13,0,109,0,
0,0,132,13,0,111,0,
0,0,135,13,0,107,0,
0,0,132,13,0,109,0,
0,0,133,13,0,109,12,
44,0,131,13,0,106,0,
0,0,134,13,0,110,0,
0,0,134,13,0,108,0,
0,0,136,13,0,106,0,
0,0,140,13,0,108,0,
0,0,138,13,0,108,0,
0,0,143,13,0,111,0,
0,0,142,13,0,109,0,
0,0,142,13,0,109,0,
0,0,147,13,0,111,0,
0,0,140,13,0,108,0,
0,0,138,13,0,110,0,
0,0,140,12,0,107,0,
0,0,140,13,0,105,0,
0,0,145,13,0,105,0,
0,0,141,13,0,106,0,
0,0,142,13,0,109,0,
0,0,141,13,0,107,0,
0,0,139,13,0,109,0,
0,0,141,13,0,107,0,
0,0,138,13,0,109,0,
0,0,135,13,0,108,0,
0,0,135,13,0,107,0,
0,0,137,13,0,110,0,
0,0,137,13,0,110,0,
0,0,136,13,0,106,0,
0,0,134,13,0,109,0,
0,0,139,13,0,107,0,
0,0,137,13,0,109,0,
0,0,137,13,0,109,0,
0,0,136,13,0,109,0,
0,0,133,13,0,105,0,
0,0,131,13,0,108,0,
0,0,126,13,0,105,0,
0,0,128,12,0,105,0,
0,0,128,13,0,108,0,
0,0,129,13,0,108,0,
0,0,132,13,0,107,0,
0,0,133,13,0,175,0,
0,0,141,13,0,109,0,
0,0,137,13,0,108,0,
0,0,133,13,0,110,0,
0,0,134,14,0,110,0,
0,0,137,13,0,112,0,
0,0,138,14,0,107,0,
0,0,137,13,0,107,0,
0,0,133,13,0,105,0,
0,0,134,13,0,110,0,
0,0,138,13,0,107,0,
0,0,140,13,0,110,0,
0,0,141,13,0,107,0,
0,0,135,13,0,111,0,
0,0,131,13,0,107,0,
0,0,136,13,0,110,0,
0,0,137,13,0,107,0,
0,0,139,13,0,106,0,
0,0,135,13,0,106,0,
0,0,132,13,0,109,0,
0,0,130,13,0,108,0,
0,0,135,13,0,107,0,
0,0,134,13,0,105,0,
0,0,136,13,0,110,0,
0,0,136,13,0,104,0,
0,0,131,13,0,108,0,
0,0,135,13,0,109,0,
0,0,138,13,0,106,0,
0,0,139,13,0,109,0,
0,0,139,13,0,109,0,
0,0,135,13,0,105,0,
0,0,138,13,0,110,0,
0,0,144,13,0,110,0,
0,0,139,14,0,107,0,
0,0,138,14,0,111,0,
0,0,139,13,0,105,0,
0,0,137,13,0,111,0,
0,0,136,14,0,109,0,
0,0,140,13,0,109,0,
0,0,138,13,0,108,0,
0,0,137,13,0,108,0,
0,0,142,13,0,109,0,
0,0,139,13,0,109,0,
0,0,135,13,0,108,0,
0,0,138,14,0,109,0,
0,0,144,14,0,108,0,
0,0,142,13,0,113,0,
0,0,139,13,0,107,0,
0,0,139,13,0,106,0,
0,0,137,13,0,106,0,
0,0,140,14,0,108,0,
0,0,135,13,0,109,0,
0,0,135,13,0,107,0,
0,0,137,13,0,108,0,
0,0,133,14,0,107,0,
0,0,136,14,0,110,0,
0,0,138,13,0,104,0,
0,0,138,13,0,108,0,
0,0,139,14,0,107,0,
0,0,140,13,0,110,0,
0,0,139,14,0,109,0,
0,0,146,14,0,110,8,
0,0,141,14,0,108,0,
0,0,140,13,0,106,0,
0,0,140,13,0,108,0,
0,0,142,13,0,110,0,
0,0,143,14,0,110,0,
0,0,139,14,0,106,0,
0,0,138,14,0,109,0,
0,0,139,14,0,108,0,
0,0,137,13,0,108,0,
0,0,139,14,0,106,0,
0,0,136,13,0,110,0,
0,0,136,13,0,111,0,
0,0,137,13,0,111,0,
0,0,137,13,0,108,0,
0,0,134,13,0,109,0,
0,0,136,13,0,109,0,
0,0,138,13,0,108,0,
0,0,137,13,0,107,0,
0,0,139,13,0,109,0,
0,0,139,13,0,109,0,
0,0,135,13,0,108,0,
0,0,140,13,0,108,0,
0,0,142,13,0,107,0,
0,0,139,13,0,106,0,
0,0,140,13,0,106,0,
0,0,145,13,0,110,0,
0,0,144,13,0,104,0,
0,0,138,13,0,109,0,
0,0,143,13,0,111,0,
0,0,144,13,0,106,0,
0,0,140,13,0,106,0,
0,0,142,13,0,109,0,
0,0,140,13,0,108,0,
0,0,140,13,0,109,0,
0,0,139,13,0,108,0,
0,0,143,13,0,111,0,
0,0,138,14,0,111,0,
0,0,145,13,0,109,0,
0,0,141,13,0,105,0,
0,0,143,13,0,109,0,
0,0,143,13,0,105,0,
0,0,142,13,0,108,0,
0,0,139,13,0,105,0,
0,0,138,13,0,106,0,
0,0,140,13,0,109,0,
0,0,138,13,0,109,0,
0,0,141,13,0,108,0,
0,0,141,14,0,111,0,
0,0,142,14,0,107,0,
0,0,140,14,0,107,0,
0,0,141,13,0,110,0,
0,0,140,13,0,106,0,
0,0,136,14,0,107,0,
0,0,140,13,0,110,0,
0,0,143,13,0,108,0,
0,0,141,13,0,106,0,
0,0,141,13,0,109,0,
0,0,143,13,0,106,0,
0,0,142,13,0,110,0,
0,0,140,13,0,104,0,
0,0,143,13,0,105,0,
0,0,145,13,0,111,0,
0,0,147,14,0,107,0,
0,0,142,14,0,105,0,
0,0,143,14,0,113,0,
0,0,143,14,0,108,0,
0,0,143,14,0,109,0,
0,0,146,14,0,106,0,
0,0,144,13,0,108,0,
0,0,144,14,0,111,0,
0,0,143,14,0,110,0,
0,0,143,14,0,110,0,
0,0,147,14,0,109,0,
0,0,144,14,0,109,0,
0,0,146,14,0,112,0,
0,0,147,14,0,111,0,
0,0,142,14,0,111,0,
0,0,146,14,0,108,0,
0,0,147,14,0,109,0,
0,0,146,13,0,107,0,
0,0,146,14,0,111,0,
0,0,145,14,0,109,0,
0,0,148,14,0,106,0,
0,0,144,14,0,108,0,
0,0,146,14,0,111,0,
0,0,142,14,0,109,0,
0,0,143,14,0,110,0,
0,0,144,14,0,109,0,
0,0,145,14,0,107,0,
0,0,145,13,0,107,0,
0,0,141,14,0,111,0,
0,0,143,14,0,109,0,
0,0,146,14,0,108,0,
0,0,145,14,0,109,0,
0,0,143,13,0,107,0,
0,0,138,13,0,111,0,
0,0,143,13,0,107,0,
0,0,144,13,0,107,0,
0,0,145,13,0,110,0,
0,0,144,14,0,110,7,
45,0,144,14,0,107,0,
0,0,142,14,0,108,0,
0,0,144,14,0,108,0,
0,0,143,14,0,106,0,
0,0,141,13,0,125,0,
0,0,152,14,0,106,0,
0,0,141,13,0,109,0,
0,0,140,14,0,106,0,
0,0,140,13,0,106,0,
0,0,141,14,0,107,0,
0,0,140,14,0,108,0,
0,0,140,13,0,106,0,
0,0,143,13,0,110,0,
0,0,142,14,0,106,0,
0,0,142,13,0,107,0,
0,0,136,13,0,109,0,
0,0,142,13,0,112,0,
0,0,140,14,0,110,0,
0,0,144,14,0,108,0,
0,0,142,14,0,110,0,
0,0,143,14,0,113,0,
0,0,140,14,0,108,0,
0,0,143,13,0,110,0,
0,0,140,14,0,111,0,
0,0,148,14,0,113,0,
0,0,148,14,0,109,0,
0,0,141,14,0,107,0,
0,0,143,13,0,175,0,
0,0,151,14,0,110,0,
0,0,140,13,0,109,0,
0,0,140,14,0,108,0,
0,0,143,13,0,109,0,
0,0,146,13,0,110,0,
0,0,143,13,0,105,0,
0,0,143,13,0,105,0,
0,0,141,13,0,109,0,
0,0,144,14,0,106,0,
0,0,147,14,0,105,0,
0,0,143,13,0,111,0,
0,0,145,13,0,109,0,
0,0,145,13,0,109,0,
0,0,142,13,0,105,0,
0,0,140,13,0,105,0,
0,0,145,13,0,104,0,
0,0,144,13,0,105,0,
0,0,145,13,0,105,0,
0,0,144,13,0,104,0,
0,0,143,13,0,109,0,
0,0,141,13,0,109,0,
0,0,145,17,0,111,0,
0,0,143,14,0,108,0,
0,0,143,14,0,111,0,
0,0,143,13,0,105,0,
0,0,141,13,0,109,0,
0,0,142,13,0,108,0,
0,0,144,14,0,110,0,
0,0,143,14,0,105,0,
0,0,147,14,0,109,0,
0,0,147,13,0,105,0,
0,0,146,14,0,105,0,
0,0,147,14,0,108,0,
0,0,147,14,0,108,0,
0,0,143,14,0,108,0,
0,0,147,14,0,107,0,
0,0,150,14,0,106,0,
0,0,148,14,0,109,0,
0,0,144,14,0,106,0,
0,0,142,13,0,108,0,
0,0,140,14,0,110,0,
0,0,145,14,0,109,0,
0,0,145,14,0,109,0,
0,0,147,14,0,111,0,
0,0,146,14,0,108,0,
0,0,148,14,0,105,0,
0,0,144,14,0,105,0,
0,0,140,14,0,108,0,
0,0,143,14,0,104,0,
0,0,140,14,0,108,0,
0,0,148,14,0,106,0,
0,0,150,14,0,106,0,
0,0,150,14,0,106,0,
0,0,149,14,0,108,0,
0,0,149,14,0,112,0,
0,0,150,14,0,107,0,
0,0,151,14,0,108,0,
0,0,150,14,0,109,0,
0,0,147,14,0,109,0,
0,0,151,14,0,106,0,
0,0,147,14,0,110,0,
0,0,146,14,0,109,0,
0,0,151,14,0,112,0,
0,0,147,14,0,107,0,
0,0,149,14,0,106,0,
0,0,156,14,0,105,0,
0,0,151,14,0,109,0,
0,0,152,14,0,106,0,
0,0,150,14,0,106,0,
0,0,149,14,0,108,0,
0,0,148,14,0,111,0,
0,0,148,14,0,109,7,
0,0,149,14,0,106,0,
0,0,146,14,0,109,0,
0,0,149,14,0,109,0,
0,0,150,14,0,110,0,
0,0,151,14,0,108,0,
0,0,152,14,0,107,0,
0,0,153,14,0,109,0,
0,0,149,14,0,111,0,
0,0,149,14,0,107,0,
0,0,148,14,0,108,0,
0,0,149,14,0,108,0,
0,0,149,14,0,107,0,
0,0,147,14,0,109,0,
0,0,149,14,0,108,0,
0,0,149,14,0,109,0,
0,0,148,14,0,108,0,
0,0,147,14,0,109,0,
0,0,147,14,0,106,0,
0,0,147,14,0,108,0,
0,0,147,14,0,107,0,
0,0,150,14,0,107,0,
0,0,148,14,0,112,0,
0,0,150,14,0,106,0,
0,0,148,14,0,106,0,
0,0,148,14,0,106,0,
0,0,148,14,0,107,0,
0,0,144,14,0,106,0,
0,0,145,14,0,110,0,
0,0,147,14,0,107,0,
0,0,147,14,0,105,0,
0,0,141,14,0,110,0,
0,0,145,14,0,111,0,
0,0,144,14,0,107,0,
0,0,137,13,0,108,0,
0,0,140,13,0,108,0,
0,0,145,14,0,108,0,
0,0,143,14,0,111,0,
0,0,152,14,0,111,0,
0,0,150,14,0,110,0,
0,0,150,14,0,107,0,
0,0,151,13,0,106,0,
0,0,150,13,0,105,0,
0,0,152,14,0,106,0,
0,0,150,14,0,111,0,
0,0,149,14,0,108,0,
0,0,152,14,0,111,0,
0,0,147,14,0,105,0,
0,0,145,14,0,107,0,
0,0,148,14,0,105,0,
0,0,144,14,0,107,0,
0,0,147,14,0,107,0,
0,0,145,14,0,111,0,
0,0,145,14,0,106,0,
0,0,145,14,0,111,0,
0,0,146,14,0,106,0,
0,0,144,14,0,107,0,
0,0,143,14,0,108,0,
0,0,149,14,0,109,0,
0,0,148,14,0,110,0,
0,0,148,14,0,108,0,
0,0,150,14,0,108,0,
0,0,148,14,0,107,0,
0,0,148,14,0,112,0,
0,0,147,14,0,105,0,
0,0,149,14,0,111,0,
0,0,146,14,0,107,0,
0,0,147,14,0,106,0,
0,0,146,14,0,107,0,
0,0,146,14,0,109,0,
0,0,145,13,0,110,0,
0,0,142,13,0,108,0,
0,0,140,14,0,109,0,
0,0,145,14,0,108,0,
0,0,143,14,0,111,0,
0,0,144,13,0,108,0,
0,0,146,14,0,111,0,
0,0,141,14,0,109,0,
0,0,141,14,0,108,0,
0,0,141,14,0,108,0,
0,0,141,14,0,104,0,
0,0,140,14,0,108,0,
0,0,147,14,0,111,0,
0,0,147,13,0,109,0,
0,0,148,14,0,109,0,
0,0,149,14,0,110,0,
0,0,150,14,0,108,0,
0,0,142,14,0,106,0,
0,0,148,14,0,110,0,
0,0,152,14,0,106,0,
0,0,148,14,0,107,0,
0,0,143,14,0,107,0,
0,0,144,14,0,106,0,
0,0,146,14,0,105,0,
0,0,141,13,0,105,0,
0,0,144,14,0,109,0,
0,0,148,14,0,110,0,
0,0,146,14,0,108,0,
0,0,144,14,0,106,0,
0,0,150,14,0,108,0,
0,0,151,14,0,110,7,
45,0,151,14,0,110,0,
0,0,153,14,0,110,0,
0,0,153,14,0,105,0,
0,0,151,14,0,112,0,
0,0,152,14,0,108,0,
0,0,151,14,0,111,0,
0,0,150,14,0,110,0,
0,0,150,14,0,105,0,
0,0,150,14,0,179,0,
0,0,157,13,0,108,0,
0,0,151,14,0,109,0,
0,0,149,14,0,107,0,
0,0,146,14,0,108,0,
0,0,150,13,0,112,0,
0,0,145,13,0,110,0,
0,0,147,14,0,111,0,
0,0,140,13,0,110,0,
0,0,140,13,0,109,0,
0,0,144,13,0,108,0,
0,0,143,13,0,112,0,
0,0,146,13,0,110,0,
0,0,141,13,0,107,0,
0,0,139,14,0,108,0,
0,0,141,14,0,107,0,
0,0,139,14,0,105,0,
0,0,147,14,0,106,0,
0,0,147,14,0,111,0,
0,0,143,14,0,109,0,
0,0,147,14,0,110,0,
0,0,149,14,0,107,0,
0,0,149,14,0,110,0,
0,0,149,14,0,111,0,
0,0,145,14,0,108,0,
0,0,144,14,0,109,0,
0,0,145,14,0,109,0,
0,0,144,14,0,113,0,
0,0,143,15,0,110,0,
0,0,204,18,0,109,0,
0,0,147,14,0,112,0,
0,0,145,14,0,110,0,
0,0,142,14,0,108,0,
0,0,139,14,0,110,0,
0,0,141,14,0,112,0,
0,0,145,14,0,110,0,
0,0,141,14,0,110,0,
0,0,142,14,0,111,0,
0,0,146,14,0,110,0,
0,0,145,14,0,108,0,
0,0,144,14,0,106,0,
0,0,141,14,0,109,0,
0,0,142,14,0,111,0,
0,0,145,14,0,107,0,
0,0,142,14,0,110,0,
0,0,144,14,0,106,0,
0,0,140,14,0,110,0,
0,0,142,14,0,110,0,
0,0,143,14,0,104,0,
0,0,142,13,0,104,0,
0,0,139,14,0,110,0,
0,0,138,13,0,110,0,
0,0,138,14,0,106,0,
0,0,139,13,0,110,0,
0,0,140,13,0,110,0,
0,0,140,13,0,107,0,
0,0,136,13,0,110,0,
0,0,141,13,0,110,0,
0,0,143,13,0,110,0,
0,0,145,13,0,110,0,
0,0,145,13,0,105,0,
0,0,147,13,0,111,0,
0,0,144,14,0,111,0,
0,0,144,13,0,110,0,
0,0,146,13,0,107,0,
0,0,146,13,0,110,0,
0,0,142,14,0,112,0,
0,0,145,14,0,108,0,
0,0,143,14,0,110,0,
0,0,142,14,0,111,0,
0,0,143,14,0,108,0,
0,0,145,14,0,109,0,
0,0,146,14,0,110,0,
0,0,146,14,0,109,0,
0,0,144,14,0,106,0,
0,0,143,14,0,110,0,
0,0,146,14,0,110,0,
0,0,144,14,0,112,0,
0,0,145,14,0,110,0,
0,0,141,14,0,109,0,
0,0,142,14,0,109,0,
0,0,145,14,0,109,0,
0,0,143,14,0,111,0,
0,0,141,13,0,111,0,
0,0,143,14,0,108,0,
0,0,142,14,0,110,0,
0,0,143,14,0,109,0,
0,0,145,14,0,107,0,
0,0,144,14,0,110,0,
0,0,149,14,0,109,0,
0,0,147,14,0,107,0,
0,0,146,14,0,110,8,
0,0,144,14,0,110,0,
0,0,145,14,0,108,0,
0,0,140,14,0,112,0,
0,0,143,14,0,109,0,
0,0,144,14,0,109,0,
0,0,145,14,0,111,0,
0,0,143,15,0,111,0,
0,0,139,14,0,109,0,
0,0,140,15,0,108,0,
0,0,139,14,0,109,0,
0,0,139,14,0,105,0,
0,0,136,14,0,105,0,
0,0,137,14,0,112,0,
0,0,141,14,0,108,0,
0,0,142,14,0,110,0,
0,0,143,14,0,105,0,
0,0,144,14,0,109,0,
0,0,146,14,0,109,0,
0,0,146,14,0,107,0,
0,0,144,14,0,110,0,
0,0,146,14,0,112,0,
0,0,146,15,0,111,0,
0,0,147,14,0,111,0,
0,0,150,14,0,106,0,
0,0,146,15,0,110,0,
0,0,151,14,0,109,0,
0,0,146,14,0,111,0,
0,0,144,14,0,108,0,
0,0,144,14,0,110,0,
0,0,143,14,0,112,0,
0,0,143,14,0,108,0,
0,0,142,14,0,109,0,
0,0,143,14,0,110,0,
0,0,146,14,0,109,0,
0,0,146,14,0,111,0,
0,0,146,14,0,108,0,
0,0,145,14,0,109,0,
0,0,142,14,0,107,0,
0,0,138,14,0,109,0,
0,0,136,14,0,110,0,
0,0,139,14,0,105,0,
0,0,138,14,0,107,0,
0,0,140,14,0,106,0,
0,0,141,14,0,112,0,
0,0,145,14,0,110,0,
0,0,140,14,0,110,0,
0,0,143,14,0,110,0,
0,0,139,14,0,110,0,
0,0,144,14,0,109,0,
0,0,142,14,0,109,0,
0,0,141,14,0,110,0,
0,0,144,14,0,110,0,
0,0,145,14,0,108,0,
0,0,142,14,0,108,0,
0,0,143,14,0,108,0,
0,0,141,14,0,109,0,
0,0,141,14,0,110,0,
0,0,139,14,0,109,0,
0,0,140,14,0,108,0,
0,0,141,14,0,109,0,
0,0,140,14,0,109,0,
0,0,140,14,0,109,0,
0,0,137,14,0,111,0,
0,0,138,14,0,109,0,
0,0,134,14,0,110,0,
0,0,138,14,0,111,0,
0,0,142,15,0,112,0,
0,0,147,14,0,110,0,
0,0,141,14,0,107,0,
0,0,146,14,0,108,0,
0,0,147,14,0,108,0,
0,0,148,15,0,110,0,
0,0,148,14,0,110,0,
0,0,152,14,0,110,0,
0,0,146,14,0,111,0,
0,0,148,14,0,112,0,
0,0,149,15,0,110,0,
0,0,144,14,0,110,0,
0,0,140,14,0,109,0,
0,0,142,14,0,110,0,
0,0,144,15,0,109,0,
0,0,148,15,0,112,0,
0,0,148,15,0,107,0,
0,0,149,15,0,110,0,
0,0,150,15,0,110,0,
0,0,149,15,0,110,0,
0,0,153,14,0,106,0,
0,0,149,15,0,110,0,
0,0,149,14,0,108,0,
0,0,154,14,0,110,0,
0,0,154,14,0,106,0,
0,0,155,15,0,111,0,
0,0,156,14,0,108,0,
0,0,157,14,0,110,0,
0,0,153,14,0,110,0,
0,0,153,14,0,111,0,
0,0,153,14,0,108,0,
0,0,155,14,0,108,0,
0,0,156,14,0,112,0,
0,0,152,14,0,110,7,
45,0,151,15,0,111,0,
0,0,156,15,0,108,0,
0,0,153,14,0,110,0,
0,0,144,14,0,112,0,
0,0,146,14,0,109,0,
0,0,149,14,0,110,0,
0,0,148,14,0,109,0,
0,0,152,14,0,107,0,
0,0,157,15,0,112,0,
0,0,159,14,0,107,0,
0,0,161,15,0,108,0,
0,0,159,15,0,107,0,
0,0,157,14,0,107,0,
0,0,154,14,0,109,0,
0,0,154,15,0,107,0,
0,0,154,14,0,107,0,
0,0,153,14,0,107,0,
0,0,158,14,0,110,0,
0,0,158,14,0,109,0,
0,0,161,14,0,112,0,
0,0,157,14,0,107,0,
0,0,153,14,0,108,0,
0,0,152,14,0,109,0,
0,0,155,14,0,109,0,
0,0,152,14,0,107,0,
0,0,152,14,0,109,0,
0,0,152,14,0,110,0,
0,0,155,14,0,110,0,
0,0,151,14,0,106,0,
0,0,152,15,0,104,0,
0,0,152,15,0,110,0,
0,0,153,14,0,108,0,
0,0,151,14,0,107,0,
0,0,148,14,0,107,0,
0,0,154,15,0,111,0,
0,0,161,14,0,108,0,
0,0,151,14,0,107,0,
0,0,148,15,0,110,0,
0,0,150,14,0,110,0,
0,0,151,14,0,110,0,
0,0,146,14,0,109,0,
0,0,152,14,0,107,0,
0,0,154,15,0,108,0,
0,0,153,14,0,106,0,
0,0,152,14,0,106,0,
0,0,151,15,0,108,0,
0,0,147,14,0,107,0,
0,0,151,14,0,108,0,
0,0,146,14,0,111,0,
0,0,145,15,0,110,0,
0,0,144,15,0,110,0,
0,0,143,14,0,107,0,
0,0,142,14,0,110,0,
0,0,142,14,0,109,0,
0,0,142,14,0,109,0,
0,0,139,14,0,106,0,
0,0,139,14,0,106,0,
0,0,138,14,0,109,0,
0,0,137,14,0,107,0,
0,0,134,14,0,111,0,
0,0,139,14,0,109,0,
0,0,141,14,0,108,0,
0,0,136,14,0,107,0,
0,0,139,14,0,108,0,
0,0,145,14,0,111,0,
0,0,144,14,0,109,0,
0,0,144,14,0,107,0,
0,0,141,15,0,105,0,
0,0,142,14,0,109,0,
0,0,141,14,0,107,0,
0,0,142,14,0,106,0,
0,0,139,14,0,108,0,
0,0,139,14,0,110,0,
0,0,141,14,0,109,0,
0,0,140,14,0,110,0,
0,0,138,14,0,111,0,
0,0,135,14,0,111,0,
0,0,135,14,0,111,0,
0,0,135,14,0,109,0,
0,0,135,14,0,108,0,
0,0,139,14,0,109,0,
0,0,141,14,0,109,0,
0,0,140,14,0,109,0,
0,0,138,14,0,109,0,
0,0,143,14,0,109,0,
0,0,144,14,0,107,0,
0,0,143,14,0,107,0,
0,0,147,14,0,139,0,
0,0,143,14,0,110,0,
0,0,148,14,0,111,0,
0,0,149,14,0,111,0,
0,0,146,14,0,112,0,
0,0,146,14,0,107,0,
0,0,146,14,0,110,0,
0,0,147,14,0,111,0,
0,0,147,14,0,106,0,
0,0,152,14,0,109,0,
0,0,150,14,0,106,0,
0,0,149,14,0,109,0,
0,0,153,14,0,106,8,
0,0,150,14,0,106,0,
0,0,147,14,0,111,0,
0,0,145,14,0,109,0,
0,0,148,15,0,117,0,
0,0,148,14,0,113,0,
0,0,148,14,0,110,0,
0,0,142,14,0,108,0,
0,0,145,14,0,107,0,
0,0,146,14,0,106,0,
0,0,145,14,0,110,0,
0,0,148,14,0,112,0,
0,0,148,14,0,110,0,
0,0,148,14,0,111,0,
0,0,147,14,0,107,0,
0,0,142,14,0,106,0,
0,0,137,14,0,108,0,
0,0,138,14,0,110,0,
0,0,138,14,0,110,0,
0,0,139,14,0,108,0,
0,0,139,14,0,110,0,
0,0,136,14,0,109,0,
0,0,137,14,0,107,0,
0,0,137,14,0,105,0,
0,0,137,14,0,110,0,
0,0,140,14,0,109,0,
0,0,138,14,0,111,0,
0,0,139,14,0,108,0,
0,0,136,14,0,111,0,
0,0,145,14,0,109,0,
0,0,137,14,0,109,0,
0,0,135,14,0,106,0,
0,0,132,14,0,109,0,
0,0,143,14,0,107,0,
0,0,142,14,0,106,0,
0,0,141,14,0,107,0,
0,0,139,14,0,110,0,
0,0,137,14,0,110,0,
0,0,141,14,0,108,0,
0,0,141,14,0,107,0,
0,0,135,15,0,110,0,
0,0,138,14,0,112,0,
0,0,138,14,0,109,0,
0,0,135,14,0,107,0,
0,0,138,14,0,111,0,
0,0,139,14,0,110,0,
0,0,143,15,0,109,0,
0,0,142,15,0,111,0,
0,0,148,14,0,110,0,
0,0,145,15,0,111,0,
0,0,144,14,0,111,0,
0,0,142,14,0,106,0,
0,0,141,15,0,110,0,
0,0,140,14,0,109,0,
0,0,142,14,0,110,0,
0,0,141,14,0,110,0,
0,0,143,14,0,108,0,
0,0,143,14,0,109,0,
0,0,145,14,0,109,0,
0,0,147,14,0,111,0,
0,0,147,15,0,105,0,
0,0,141,14,0,110,0,
0,0,145,15,0,111,0,
0,0,144,14,0,108,0,
0,0,139,14,0,109,0,
0,0,137,14,0,111,0,
0,0,138,15,0,111,0,
0,0,139,15,0,107,0,
0,0,139,15,0,107,0,
0,0,136,14,0,110,0,
0,0,138,15,0,107,0,
0,0,139,15,0,107,0,
0,0,133,15,0,109,0,
0,0,134,15,0,111,0,
0,0,130,14,0,105,0,
0,0,126,15,0,105,0,
0,0,131,14,0,109,0,
0,0,132,14,0,109,0,
0,0,134,14,0,110,0,
0,0,133,14,0,111,0,
0,0,140,14,0,109,0,
0,0,139,14,0,109,0,
0,0,140,14,0,110,0,
0,0,136,14,0,107,0,
0,0,139,14,0,109,0,
0,0,137,15,0,109,0,
0,0,138,14,0,110,0,
0,0,138,14,0,107,0,
0,0,138,14,0,111,0,
0,0,137,14,0,110,0,
0,0,136,14,0,105,0,
0,0,136,14,0,109,0,
0,0,139,14,0,110,0,
0,0,141,15,0,109,0,
0,0,140,14,0,107,0,
0,0,142,14,0,109,0,
0,0,141,15,0,108,0,
0,0,139,14,0,110,0,
0,0,141,14,0,108,0,
0,0,140,14,0,110,0,
0,0,143,14,0,110,13,
